rank,id,name,author,author_alias,attribution_link,city_code,country,population,population_count,points_count,n_cells,mean_point_density,median_resident_weighted_nn_km,mean_resident_weighted_nn_km,median_worker_weighted_nn_km,mean_worker_weighted_nn_km,detail_radius_km,detail_score,playable_area_cells,median_cell_resident_density,mean_cell_resident_density,pct_cells_with_residents,median_cell_worker_density,mean_cell_worker_density,pct_cells_with_workers,median_commute_distance,mean_commute_distance,detected_center_count,polycentrism_score
1,jelegend-tokyo,東京 (Tokyo),jelegend,jelegend,https://github.com/jelegend,TYO,JP,23649691,229673,39220,10564,3.71,0.214,0.224,0.187,0.201,0.2,0.95,10284,1350,2548.37,87.85,1147,2677.34,83.61,9565,13997.19,4,0.96
2,shenzhen,Shenzhen,Kronifer,Kronifer,https://github.com/Kronifer,SZX,CN,20432780,202083,9626,4742,2.03,0.693,0.693,0.693,0.693,0.693,0,5316,2786,4893.87,88.04,2352,4805.52,89.67,25593,32169.26,4,0.92
3,guangzhou,Guangzhou,Kronifer,Kronifer,https://github.com/Kronifer,CAN,CN,15551060,156200,16773,8430,1.99,0.693,0.693,0.693,0.693,0.693,0,9384,916,2175.79,84.78,743,2505.5,73.74,32748,38317.51,2,0.89
4,shanghai,Shanghai,Kronifer,Kronifer,https://github.com/Kronifer,SHA,CN,13605920,150452,23686,7686,3.08,0.543,0.543,0.543,0.543,0.543,0,7252,699,2026.78,87.33,451,2052.91,86.44,27010,34331.55,3,0.93
5,seoul-4,Seoul (40km×40km),kimth9,kimth9,https://github.com/kimth9,SEL4,KR,11769102,129417,4072,1285,2.95,0.397,0.377,0.397,0.37,0.397,0.51,1624,5246,8706.35,99.07,20520,32046.64,100,3585,4908.46,2,0.81
6,ciudad-de-mexico,Ciudad de México,rslurry,slurry,https://github.com/rslurry,CDMX,MX,11260947,95340,18798,2925,6.4,0.251,0.253,0.249,0.261,0.25,0.61,3984,3239,5095.91,75.49,2469,3967.79,96.85,10092,12962.58,3,0.88
7,seoul-3,Seoul (30km×30km),kimth9,kimth9,https://github.com/kimth9,SEL3,KR,9102941,100550,2650,757,3.23,0.397,0.378,0.397,0.367,0.397,0.45,848,8192,11250.02,99.74,30037,39439.29,100,3519,4654.11,1,0.7
8,cdmx-core,CDMX Core,rslurry,slurry,https://github.com/rslurry,CDMC,MX,6794257,77732,8386,892,9.07,0.247,0.249,0.238,0.249,0.242,0.45,936,6949,7673.11,97.09,5345,7428.84,100,8605,10168.43,2,0.8
9,incheon-4,Incheon (40km×40km),kimth9,kimth9,https://github.com/kimth9,ICN4,KR,6718676,88336,2533,866,2.73,0.397,0.393,0.397,0.371,0.397,0.55,1204,3521,7367.3,98.96,13767,22606.35,100,4230,5416.99,2,0.79
10,yukina-osaka,大阪 (Ōsaka),ahkimn,Yukina-,https://subwaybuildermodded.com/credits,ITM,JP,6524079,62560,14145,2025,6.98,0.212,0.221,0.179,0.21,0.195,0.77,2300,2970,3549.46,90.77,2011,3388.98,95.06,7598,11248.98,3,0.89
11,greater-kuala-lumpur,Greater Kuala Lumpur,nzh0172,naz,https://github.com/nzh0172,KUL,MY,6249021,41536,2337,1274,1.83,0.506,0.659,0.555,0.708,0.53,0.49,2311,2210,4911.31,99.84,2192,5285.55,98.35,19513,24454.53,1,0.44
12,bangkok,Bangkok,nzh0172,naz,https://github.com/nzh0172,BKK,TH,6033126,40981,13860,2075,6.68,0.051,0.189,0.051,0.183,0.051,1,2506,2091,2959.96,98.17,1962,3069.57,94.7,11675,14313.45,2,0.56
13,yukina-nagoya,名古屋 (Nagoya),ahkimn,Yukina-,https://subwaybuildermodded.com/credits,NGO,JP,5912459,77505,30963,5624,5.5,0.216,0.226,0.19,0.213,0.203,0.82,6776,602,1164.2,90.29,535,1208.28,87,7546,12767.57,3,0.88
14,greater-los-angeles,Greater Los Angeles,rslurry,slurry,https://github.com/rslurry,LAX,US,5496727,171223,7090,4329,1.64,0.614,0.648,0.402,0.462,0.497,0.61,6784,971,1311.82,96.79,618,1338.78,94.8,34649,38929.46,3,0.94
15,incheon-3,Incheon (30km×30km),kimth9,kimth9,https://github.com/kimth9,ICN3,KR,4749878,65173,1623,535,2.81,0.397,0.378,0.397,0.37,0.397,0.53,748,4285,7915.02,98.88,14701,22585.01,100,4402,5420.96,1,0.73
16,south-florida,South Florida,kaicardenas0618,kaicardenas0618,https://github.com/kaicardenas0618,SFL,US,4520713,773353,31040,6934,4.47,0.29,0.303,0.287,0.313,0.288,0.64,10460,371,834.04,78.17,133,912.2,71.43,27390,41794.9,4,0.91
17,greater-newyork,Greater NYC,chasemanning040911-afk,lechicken,https://github.com/chasemanning040911-afk,GNYC,US,4072117,314050,5872,2592,2.26,0.328,0.394,0.276,0.329,0.301,0.85,3128,669,1575.68,99.69,479,1575.52,99.65,20928,26489.06,2,0.8
18,toronto,Toronto,devenperez,devenperez,https://github.com/devenperez,YYZ,CA,4039209,33646,11458,3583,3.2,0.305,0.324,0.323,0.382,0.314,0.71,4106,1056,1359.62,82.92,576,1332.25,84.62,12633,17318.16,1,0.57
19,mfn-hong-kong,Hong Kong,crumpetime,muffintime,https://github.com/crumpetime,HKG,HK,4038323,236084,1968,477,4.12,0.211,0.263,0.189,0.532,0.2,0.92,754,3367,9169.15,92.24,12567,22530.24,36.9,15305,18626.93,2,0.45
20,berlin-val,Berlin,Valdotorium,Valdotorium,https://github.com/Valdotorium,BER,DE,3926141,39805,923,633,1.45,0.599,0.724,0.594,0.724,0.596,0.49,1009,10320,14212.28,99.84,6715,12975.63,97.95,12807,14925.88,1,0.32
21,yukina-northern-kyushu,福北 (Fukuoka & Kitakyūshū),ahkimn,Yukina-,https://subwaybuildermodded.com/credits,FOKK,JP,3782578,61718,22090,4990,4.42,0.19,0.221,0.185,0.213,0.188,0.93,7052,277,845.88,89.6,277,950.29,79.76,7176,14227.65,2,0.96
22,busan-4,Busan (40km×40km),kimth9,kimth9,https://github.com/kimth9,PUS4,KR,3762661,44668,1153,450,2.52,0.409,0.411,0.409,0.41,0.409,0.58,724,4175,8629.54,95.56,11905,21973.52,100,4422,5922.16,1,0.54
23,busan-3,Busan (30km×30km),kimth9,kimth9,https://github.com/kimth9,PUS3,KR,3602364,43343,1060,372,2.76,0.409,0.4,0.409,0.394,0.409,0.53,604,4967,9693.14,98.66,14776,24692.26,100,4400,5698.07,2,0.49
24,singapore-val,Singapore,Valdotorium,Valdotorium,https://github.com/Valdotorium,SIN,SG,3529424,31692,1095,408,2.67,0.121,0.215,0.133,0.275,0.126,1,662,14124,18703.16,99.26,3697,8967.91,88.24,13731,14272.18,2,0.44
25,madrid,Madrid,Maximilian284,max02,https://github.com/Maximilian284,ESMD,ES,3283483,23715,11989,2087,5.74,0.182,0.191,0.18,0.181,0.181,0.88,3364,703,1707.64,92.09,372,2601.81,60.47,10344.5,14280.81,1,0.79
26,los-angeles-county,Los Angeles County,rslurry,slurry,https://github.com/rslurry,LAXM,US,3179061,76629,4077,2470,1.64,0.602,0.625,0.404,0.467,0.493,0.61,3484,983,1313.99,97.94,618,1320.93,97.09,26369,28443.4,4,0.9
27,sydney,Sydney,WillBarouch,WillBarouch,https://github.com/WillBarouch,SYD,AU,3176499,25580,9687,2577,3.76,0.295,0.304,0.272,0.323,0.283,0.72,3132,971,1365.03,90.3,626,1567.9,78.58,9837,14057.92,2,0.53
28,sejong-4,Sejong (40km×40km),kimth9,kimth9,https://github.com/kimth9,SEJ4,KR,3144215,46497,1259,493,2.35,0.403,0.383,0.403,0.387,0.403,0.6,1024,1542,5947.17,95.54,5909,15015.7,100,4477,6086.32,3,0.85
29,dubai,Dubai,ryandicicco,ryandicicco,https://github.com/ryandicicco,DXB,AE,3105983,195806,11715,1152,10.16,0.199,0.195,0.103,0.175,0.144,0.85,1688,1320,2779.9,96.79,2990,6856.47,39.32,7205,9659.62,2,0.85
30,glasgow-edinburgh,Glasgow-Edinburgh,Kronifer,Kronifer,https://github.com/Kronifer,GLED,GB,3069560,47377,12148,2962,4.1,0.174,0.208,0.193,0.248,0.183,0.97,3332,701,1052.13,98.48,675,1110.42,100,18592,29853.88,3,0.6
31,tijuana-san-diego,Tijuana-San Diego,rslurry,slurry,https://github.com/rslurry,TIJ,MX,3066308,123059,6075,2951,2.06,0.372,0.449,0.356,0.421,0.364,0.76,6720,530,1140.73,91.09,351,1198.63,86.68,22992,27483.76,3,0.86
32,monterrey,Monterrey,rslurry,slurry,https://github.com/rslurry,MTY,MX,3023651,37297,6209,1496,4.14,0.282,0.286,0.284,0.314,0.283,0.69,2272,1927,2717.55,74.33,1154,2103.62,95.99,9075,11219.9,1,0.78
33,guadalajara,Guadalajara,rslurry,slurry,https://github.com/rslurry,GDL,MX,2919025,35754,5575,1141,4.86,0.27,0.274,0.272,0.292,0.271,0.66,1756,1997,3306.81,77.21,1375,2618.32,97.55,8051,9982.65,1,0.69
34,puebla,Puebla,rslurry,slurry,https://github.com/rslurry,PBC,MX,2730088,41729,7822,2037,3.83,0.279,0.292,0.283,0.309,0.281,0.72,3976,777,1632.49,81.98,636,1375.49,97.25,8119,12248.28,2,0.76
35,milan,Milan,Maximilian284,max02,https://github.com/Maximilian284,MIL,IT,2677197,23484,10146,2403,4.22,0.186,0.195,0.162,0.166,0.174,0.99,2655,481,1335.31,83.4,217,1843.57,60.42,8148.9,14641.97,1,0.37
36,barcelona,Barcelona,Maximilian284,max02,https://github.com/Maximilian284,ESBC,ES,2634600,11866,5727,1422,4.02,0.18,0.2,0.177,0.212,0.179,0.99,2972,767,2585.62,71.59,351,2732.8,67.79,8542.8,13995.58,1,0.85
37,bucharest-medium,Bucharest,metatablestudios,metatablestudios,https://github.com/metatablestudios,BUC,RO,2583210,64703,1852,1753,1.04,0.936,0.936,0.935,0.936,0.936,0,2136,338,1470.48,100,13,556.22,100,18518,20307.9,1,0.09
38,daegu-4,Daegu (40km×40km),kimth9,kimth9,https://github.com/kimth9,TAE4,KR,2539651,39266,1238,512,2.33,0.406,0.445,0.406,0.435,0.406,0.61,1128,1672,4999.74,96.68,7596,15335.96,100,4895,6585.3,1,0.66
39,daegu-3,Daegu (30km×30km),kimth9,kimth9,https://github.com/kimth9,TAE3,KR,2539106,38216,1092,413,2.52,0.406,0.455,0.406,0.453,0.406,0.57,792,2697,6066.88,98.55,10798,18173.06,100,4848,6506.47,1,0.65
40,daejeon-4,Daejeon (40km×40km),kimth9,kimth9,https://github.com/kimth9,DAJ4,KR,2530016,36115,1061,447,2.26,0.403,0.406,0.403,0.412,0.403,0.63,1008,1270,5637.95,97.99,4068,13863.4,100,4826,6266.23,1,0.68
41,montreal,Montreal,devenperez,devenperez,https://github.com/devenperez,YUL,CA,2523330,21051,8282,2809,2.95,0.301,0.336,0.311,0.402,0.306,0.75,3535,632,1039.69,86.37,466,1088.46,82.52,11886,16357.11,3,0.45
42,tel-aviv,Tel Aviv,BarKuperman,BarKuperman,https://github.com/BarKuperman,TLV,IL,2497200,12486,1301,630,2.06,0.436,0.558,0.371,0.488,0.402,0.69,987,3400,4481.88,87.62,1400,4033.01,98.1,12643,15912.4,2,0.51
43,daejeon-3,Daejeon (30km×30km),kimth9,kimth9,https://github.com/kimth9,DAJ3,KR,2201895,32378,863,350,2.37,0.403,0.4,0.403,0.403,0.403,0.61,772,1763,6246.14,99.71,5692,15836.22,100,4691,5790.81,1,0.42
44,zurich,Zurich,Kronifer,Kronifer,https://github.com/Kronifer,ZRH,CH,2147370,98878,39672,6555,5.99,0.139,0.149,0.131,0.143,0.135,1,5617,44,382.54,85.26,33,331.15,98.37,26671,34216.83,1,0.45
45,gwangju-4,Gwangju (40km×40km),kimth9,kimth9,https://github.com/kimth9,KWJ4,KR,2140345,32755,951,413,2.16,0.409,0.406,0.409,0.412,0.409,0.63,872,739,5587.96,92.25,2779,11938.32,100,5637,6845.99,1,0.32
46,gwangju-3,Gwangju (30km×30km),kimth9,kimth9,https://github.com/kimth9,KWJ3,KR,2134804,32341,848,342,2.3,0.409,0.403,0.409,0.405,0.409,0.6,668,1317,6653.63,91.23,3434,13623.01,100,5637,6758.31,1,0.31
47,warsaw-val,Warsaw,Valdotorium,Valdotorium,https://github.com/Valdotorium,WAW,PL,2115324,19327,622,409,1.5,0.5,0.547,0.466,0.519,0.482,0.66,606,7636,11470.62,100,2564,5316.58,98.78,8371,9054.29,2,0.16
48,yukina-pl-warszawa,Warszawa,ahkimn,Yukina-,https://subwaybuildermodded.com/credits,WAR,PL,2008754,49556,30981,9771,3.17,0.147,0.185,0.16,0.189,0.153,1,12740,44,229.05,89.75,60,343.36,59.87,7497,14813.45,1,0.76
49,greatertwincities,Greater Twin Cities,DanielD1909,DanielD1909,https://github.com/DanielD1909,KMSP,US,2003945,304108,5866,4652,1.26,0.684,0.756,0.41,0.464,0.529,0.47,11111,203,438.86,98.15,127,487.1,88.44,30014,34856.81,1,0.47
50,baltimore-dc-corridor,Baltimore-DC Corridor,rslurry,slurry,https://github.com/rslurry,DCA,US,2003362,145916,5548,3651,1.51,0.519,0.581,0.395,0.458,0.453,0.71,5773,320,552.17,99.34,162,560.9,97.1,26687,31234.69,2,0.55
51,yukina-kyoto,京都 (Kyōto),ahkimn,Yukina-,https://subwaybuildermodded.com/credits,UKY,JP,1985453,31656,10156,1423,7.13,0.152,0.175,0.147,0.167,0.15,0.93,2380,506,1587.89,87.84,507,1640.68,85.03,6058,9589.39,2,0.8
52,rome,Rome,Maximilian284,max02,https://github.com/Maximilian284,ROM,IT,1920000,28808,10725,2001,5.35,0.186,0.197,0.157,0.143,0.171,0.93,2347,537,1011.08,94.85,181,2050.97,46.78,8405.5,11463.49,2,0.42
53,yukina-sapporo-chitose,札幌 (Sapporo),ahkimn,Yukina-,https://subwaybuildermodded.com/credits,SPK,JP,1790860,31314,11166,1735,6.43,0.163,0.184,0.136,0.181,0.149,0.96,3220,638,1378.56,74.87,389,1165.83,88.53,5942,9962.25,1,0.91
54,yukina-fukuoka,福岡 (Fukuoka),ahkimn,Yukina-,https://subwaybuildermodded.com/credits,FUK,JP,1750209,24319,5981,950,6.29,0.199,0.204,0.191,0.204,0.195,0.8,1216,959,2085.54,88.32,692,2068.53,89.05,6421,8958.21,1,0.91
55,naples,Naples,Maximilian284,max02,https://github.com/Maximilian284,NAP,IT,1695981,21250,10998,1480,7.42,0.183,0.186,0.169,0.15,0.176,0.82,1452,819,1202.87,95.2,232,1844.66,62.09,10737.8,13565.74,2,0.51
56,vancouver,Vancouver,devenperez,devenperez,https://github.com/devenperez,YVR,CA,1677021,13943,5740,1730,3.3,0.276,0.31,0.283,0.392,0.28,0.78,1787,821,1126.07,85.84,467,1177.52,82.25,9934,13097.77,2,0.52
57,greater-portland,Greater Portland,rslurry,slurry,https://github.com/rslurry,GPDX,US,1571997,77003,5566,4584,1.21,0.561,0.65,0.434,0.523,0.493,0.16,16608,116,451.95,75.87,128,513.04,66.84,21261,28249.38,1,0.86
58,yukina-shizuoka-hamamatsu,静岡・浜松 (Shizuoka/Hamamatsu),ahkimn,Yukina-,https://subwaybuildermodded.com/credits,FSZ,JP,1563790,26863,9891,2199,4.49,0.218,0.227,0.195,0.217,0.206,0.87,2603,344,785.41,90.4,385,868.21,81.86,6157,10432.83,2,0.64
59,willamette-valley,"Willamette Valley, OR",Phineapoo,Phineapoo,https://github.com/Phineapoo,WMV,US,1527957,206527,10166,8632,1.17,0.518,0.642,0.41,0.501,0.461,0,37896,45,250.95,70.52,73,323.17,54.72,38153,67006.43,2,0.91
60,sejong-3,Sejong (30km×30km),kimth9,kimth9,https://github.com/kimth9,SEJ3,KR,1514790,20944,677,286,2.05,0.402,0.34,0.402,0.341,0.402,0.63,664,835,3952.59,95.1,3559,10230.18,100,5630,7282.99,3,0.78
61,yukina-cz-praha,Praha,ahkimn,Yukina-,https://subwaybuildermodded.com/credits,PRG,CZ,1493589,76164,17934,4166,4.3,0.131,0.149,0.157,0.173,0.143,1,6828,110,414.85,86.41,35,536.1,66.87,11140,15799.93,1,0.68
62,connecticut-usa,Connecticut,PSWBSF,Potato Spaghetti Water Balloon Space Federation,https://youtu.be/dQw4w9WgXcQ?t=0,CT,US,1483718,99514,6597,5330,1.24,0.634,0.768,0.483,0.572,0.553,0.41,13392,159,285.37,97.54,96,308.15,90.32,32089,40651.05,4,0.98
63,ulsan-4,Ulsan (40km×40km),kimth9,kimth9,https://github.com/kimth9,USN4,KR,1460625,21551,612,275,2.09,0.407,0.453,0.407,0.456,0.407,0.65,600,1574,5394.92,96.73,5800,12786.19,100,6339,7857.89,1,0.66
64,puerto-rico,Puerto Rico,rslurry,slurry,https://github.com/rslurry,PR,PR,1434290,30194,8273,5276,1.57,0.41,0.495,0.414,0.513,0.412,0.77,9111,126,326.49,83.26,112,298.05,91.21,9855,16009.16,1,0.48
65,orange-county,Orange County,rslurry,slurry,https://github.com/rslurry,OC,US,1429155,137792,2735,1539,1.77,0.561,0.599,0.379,0.43,0.461,0.64,2048,701,957.78,96.95,342,968,95.84,19707,22056.51,2,0.52
66,cairo,Cairo,ryandicicco,ryandicicco,https://github.com/ryandicicco,CAI,EG,1422928,8405,5210,1288,4.04,0.527,0.792,0.37,0.937,0.442,0.12,2564,1334,2868.41,72.67,303,1432.25,28.34,26833,30949.23,2,0.78
67,yukina-kobe-akashi,神戸 (Kōbe),ahkimn,Yukina-,https://subwaybuildermodded.com/credits,UKB,JP,1405864,21853,6601,1072,6.12,0.172,0.185,0.151,0.185,0.161,0.93,1200,601,1533.55,84.79,516,1450,89.83,6336,10335.76,3,0.5
68,ulsan-3,Ulsan (30km×30km),kimth9,kimth9,https://github.com/kimth9,USN3,KR,1401126,20231,507,218,2.17,0.407,0.443,0.407,0.432,0.407,0.63,516,2070,6270.95,99.08,5936,14515.22,100,6294,7670.45,1,0.61
69,ciudad-juarez-el-paso,Ciudad Juárez-El Paso,rslurry,slurry,https://github.com/rslurry,CJS,MX,1364798,40921,2833,1117,2.53,0.336,0.417,0.325,0.381,0.33,0.75,2180,809,1366.16,89.44,485,1321.66,92.12,14278,17353.19,2,0.72
70,yukina-hiroshima-kure,広島 (Hiroshima),ahkimn,Yukina-,https://subwaybuildermodded.com/credits,HIJ,JP,1334069,20616,6623,1599,4.14,0.191,0.21,0.166,0.195,0.178,0.98,2345,293,995.4,83.8,258,1008.24,82.74,6273,10692.7,1,0.41
71,mfn-lasvegas,Las Vegas,crumpetime,muffintime,https://github.com/crumpetime,LAS,US,1296870,79319,2373,1265,1.87,0.472,0.496,0.318,0.34,0.387,0.75,1600,825,1148.69,89.25,281,1132.64,90.51,18717,19878.97,1,0.45
72,yukina-pl-katowice-gzm,Katowice - GZM,ahkimn,Yukina-,https://subwaybuildermodded.com/credits,KTW,PL,1286481,35078,24255,5026,4.82,0.131,0.158,0.154,0.183,0.142,1,5808,94,288.52,88.7,124,363.7,70.37,7154,13140.8,2,0.84
73,daytonatti,Daytonatti,soccerjonj,soccerjonj,https://github.com/soccerjonj,DAY,US,1226849,123534,5835,4705,1.24,0.664,0.755,0.461,0.531,0.553,0.41,11934,117,266.17,97.96,91,314.29,82.87,30096,37089.7,2,0.7
74,pyongyang-nk,Pyongyang,PSWBSF,Potato Spaghetti Water Balloon Space Federation,https://youtu.be/dQw4w9WgXcQ?t=0,PYO,KP,1210086,7078,267,135,1.95,0.458,0.548,0.443,0.5,0.45,0.61,220,7399,8638.28,100,320,643.25,53.33,5527,5982.6,1,0.15
75,valencia,Valencia,Maximilian284,max02,https://github.com/Maximilian284,ESVA,ES,1179110,8675,4882,1355,3.6,0.188,0.22,0.177,0.211,0.182,1,2872,355,984.75,88.34,312,1876.75,46.35,9534.3,14325.14,1,0.75
76,orlando,Orlando,rslurry,slurry,https://github.com/rslurry,MCO,US,1178384,100423,2364,1674,1.41,0.655,0.705,0.378,0.435,0.497,0.65,2851,515,730.99,96.3,152,745.19,94.15,24503,26511.7,3,0.61
77,pianura-veneta,Pianura Veneta,Maximilian284,max02,https://github.com/Maximilian284,VPT,IT,1165753,12448,8150,2365,3.44,0.196,0.224,0.185,0.185,0.19,0.99,3282,307,549.97,89.6,108,1452.96,33.91,11692.1,19071.63,2,0.67
78,rhode-island,Rhode Island,rslurry,slurry,https://github.com/rslurry,GPVD,US,1118241,127441,4001,3478,1.15,0.663,0.802,0.517,0.627,0.586,0.27,10300,136,331.5,96.98,103,354.19,90.71,22498,26384.98,1,0.88
79,yukina-pl-krakow,Kraków,ahkimn,Yukina-,https://subwaybuildermodded.com/credits,KRK,PL,1056231,33128,23118,6236,3.71,0.146,0.179,0.155,0.179,0.15,1,6404,60,180.69,93.73,58,262.2,64.59,6322,11351.13,1,0.58
80,tampa-bay,Tampa Bay,rslurry,slurry,https://github.com/rslurry,TPA,US,1041220,92488,3371,2245,1.5,0.618,0.667,0.456,0.502,0.531,0.59,3726,346,470.47,98.57,154,493.82,93.81,28158,30573.96,3,0.66
81,johor-bahru,Johor Bahru,nzh0172,naz,https://github.com/nzh0172,JHB,MY,1026080,11110,877,472,1.85,0.15,0.346,0.374,0.597,0.237,0.88,1240,1617,4980.97,43.64,1666,3705.47,80.51,17476,18928.73,2,0.8
82,yukina-sendai,仙台 (Sendai),ahkimn,Yukina-,https://subwaybuildermodded.com/credits,SDJ,JP,1016521,16010,5082,1097,4.63,0.195,0.205,0.17,0.198,0.182,0.94,1320,410,1103.42,83.96,415,1144.5,80.95,6096,8846.55,1,0.21
83,greater-baltimore,Greater Baltimore,rslurry,slurry,https://github.com/rslurry,BWI,US,972032,75010,2920,1970,1.47,0.541,0.601,0.457,0.496,0.497,0.65,3017,304,493.1,99.54,169,497.13,96.7,25523,27835.66,1,0.59
84,garda-lake,Garda Lake,Maximilian284,max02,https://github.com/Maximilian284,GRD,IT,959863,12896,7994,2066,3.87,0.192,0.212,0.169,0.183,0.18,0.99,2331,304,525.57,88.33,188,922.73,50.34,6838.2,19773.8,3,0.65
85,yukina-okayama,岡山 (Okayama),ahkimn,Yukina-,https://subwaybuildermodded.com/credits,OKJ,JP,948854,16352,6665,1805,3.69,0.218,0.242,0.191,0.218,0.204,0.94,2457,220,595.86,88.2,245,717.59,73.24,7833,11460.53,2,0.39
86,san-antonio,San Antonio,rslurry,slurry,https://github.com/rslurry,SAT,US,946870,106855,4525,3684,1.23,0.639,0.748,0.447,0.55,0.534,0.38,10159,87,271.22,94.76,71,369.76,69.49,31387,36215.03,2,0.55
87,yukina-kitakyushu-shimonoseki,北九州 (Kitakyūshū),ahkimn,Yukina-,https://subwaybuildermodded.com/credits,KKJ,JP,932578,19386,6090,1207,5.04,0.186,0.209,0.173,0.207,0.179,0.92,1772,314,881.07,87.66,358,907.1,85.17,6706,10694.44,1,0.79
88,turin,Turin,Maximilian284,max02,https://github.com/Maximilian284,TOR,IT,910203,14127,5885,1408,4.17,0.184,0.197,0.171,0.174,0.178,0.98,1731,214,716.88,90.13,151,1298.15,49.79,8167.5,11013.5,1,0.16
89,calgary,Calgary,devenperez,devenperez,https://github.com/devenperez,YYC,CA,890139,7422,3571,1215,2.93,0.292,0.331,0.325,0.473,0.308,0.75,1356,848,922.11,79.34,369,835.46,87.57,12593,14438.33,1,0.42
90,yukina-pl-poznan,Poznań,ahkimn,Yukina-,https://subwaybuildermodded.com/credits,POZ,PL,879209,25077,17449,5310,3.28,0.138,0.182,0.158,0.192,0.148,1,8660,52,192.79,85.88,68,259.16,63.88,6074,10817.73,1,0.71
91,helsinki,Helsinki,rslurry,slurry,https://github.com/rslurry,HEL,FI,877596,13527,3419,1380,2.45,0.249,0.259,0.249,0.261,0.249,0.94,1188,132,1087.41,58.48,100,835.83,76.01,6313,7790.46,1,0.61
92,yukina-okinawa,沖縄 (Okinawa),ahkimn,Yukina-,https://subwaybuildermodded.com/credits,OKA,JP,854048,15658,3975,780,5.09,0.185,0.207,0.169,0.202,0.177,0.93,1256,468,1234.08,88.72,423,1259.05,86.79,5092,9290.58,2,0.86
93,pulau-pinang,Pulau Pinang,nzh0172,naz,https://github.com/nzh0172,PEN,MY,852976,6708,933,424,2.18,0.608,0.681,0.494,0.575,0.548,0.32,1108,1237,5605.44,35.85,919,2337.4,83.49,14908,15605.07,2,0.73
94,pianura-emiliana,Pianura Emiliana,Maximilian284,max02,https://github.com/Maximilian284,PRM,IT,841395,9437,5915,1723,3.43,0.195,0.23,0.175,0.235,0.185,1,2664,297,583.46,83.63,140,1218.9,40.05,11765.3,18423.4,4,0.64
95,nashville,Nashville,soccerjonj,soccerjonj,https://github.com/soccerjonj,BNA,US,838863,60682,2807,2152,1.3,0.626,0.73,0.391,0.459,0.495,0.51,5091,225,394.35,98.84,59,439.65,88.62,30137,32582.08,1,0.55
96,yukina-pl-wroclaw,Wrocław,ahkimn,Yukina-,https://subwaybuildermodded.com/credits,WRO,PL,815464,22685,15120,4372,3.46,0.128,0.165,0.156,0.183,0.141,1,8488,56,213.53,87.33,60,278.54,66.95,6222,11273.91,1,0.81
97,yukina-kumamoto,熊本 (Kumamoto),ahkimn,Yukina-,https://subwaybuildermodded.com/credits,KMJ,JP,805122,17186,6161,1465,4.2,0.199,0.218,0.167,0.195,0.182,0.97,2056,189,603.34,91.06,225,733.62,74.88,6433,9361.91,1,0.76
98,mexicali,Mexicali-Imperial Valley-Yuma,rslurry,slurry,https://github.com/rslurry,MXL,MX,801423,17416,2689,1514,1.77,0.349,0.435,0.338,0.445,0.344,0.56,5396,310,962.04,55.02,355,866.32,61.1,8850,14503.99,4,0.8
99,edmonton,Edmonton,devenperez,devenperez,https://github.com/devenperez,YEG,CA,798307,6612,3488,1297,2.68,0.3,0.332,0.322,0.438,0.311,0.78,1453,687,824.64,74.56,342,780.67,78.72,12640,15753.14,1,0.39
100,jeju-f,Jeju (Full Island),kimth9,kimth9,https://github.com/kimth9,CJUF,KR,795684,12281,740,374,1.96,0.417,0.474,0.417,0.448,0.417,0.67,856,313,2140.27,99.2,1796,5535.35,100,6565,10275.98,1,0.79
101,yukina-pl-gdansk,Gdańsk,ahkimn,Yukina-,https://subwaybuildermodded.com/credits,GDN,PL,787912,21574,14824,4500,3.29,0.13,0.176,0.149,0.178,0.139,1,6948,50,200.74,87.2,74,287.81,60.82,7886,14406.6,1,0.81
102,san-juan,San Juan,rslurry,slurry,https://github.com/rslurry,SJU,PR,773862,9703,2901,1364,2.12,0.363,0.401,0.39,0.42,0.376,0.72,1762,412,825.32,68.62,253,618.47,91.5,7648,9945.51,3,0.4
103,jeju-4,Jeju (40km×40km),kimth9,kimth9,https://github.com/kimth9,CJU4,KR,770019,11188,503,225,2.07,0.417,0.486,0.417,0.485,0.417,0.62,460,617,3164.35,98.67,2594,7322.55,100,6597,10346.35,1,0.75
104,mfn-hamptonroads,Norfolk,crumpetime,muffintime,https://github.com/crumpetime,ORF,US,760588,61472,2322,1753,1.32,0.608,0.66,0.437,0.529,0.515,0.44,4624,232,451.64,96.06,133,512.08,84.71,25759,30861.67,2,0.86
105,sacramento,Sacramento,soccerjonj,soccerjonj,https://github.com/soccerjonj,SMF,US,755810,55081,2539,1785,1.41,0.556,0.59,0.415,0.46,0.48,0.6,3687,264,472.96,89.52,165,504.52,83.75,21613,24993.98,2,0.64
106,memphis,Memphis,rslurry,slurry,https://github.com/rslurry,MEM,US,739736,39229,1534,1203,1.26,0.711,0.751,0.467,0.534,0.576,0.46,2589,422,677.93,90.69,228,713.58,86.12,18382,19513.84,1,0.52
107,ottawa,Ottawa,devenperez,devenperez,https://github.com/devenperez,YOW,CA,738872,6237,3373,1472,2.29,0.313,0.4,0.336,0.461,0.324,0.8,2442,324,601.09,83.49,272,684.88,73.3,12303,15106.95,3,0.41
108,dublin,Dublin,Kronifer,Kronifer,https://github.com/Kronifer,DUB,IE,732172,3391,3265,764,4.26,0.161,0.175,0.156,0.182,0.159,1,707,1839,2123.73,84.95,523,1153.26,82.98,7976,8431.19,2,0.18
109,amsterdam,Amsterdam,ryandicicco,ryandicicco,https://github.com/ryandicicco,AMS,NL,720820,6522,530,281,1.86,0.398,0.616,0.447,0.712,0.422,0.68,378,3214,3993.59,99.29,1704,2517.27,98.93,14886,15779.72,1,0.31
110,yukina-toyama,富山 (Toyama),ahkimn,Yukina-,https://subwaybuildermodded.com/credits,TOY,JP,673188,16717,7405,1676,4.41,0.205,0.221,0.183,0.208,0.194,0.92,1847,198,434.7,92.36,201,503.98,79.65,7376,11215.98,3,0.52
111,bari,Bari,Maximilian284,max02,https://github.com/Maximilian284,BAR,IT,660455,7869,3875,996,3.88,0.196,0.228,0.152,0.157,0.173,1,1289,371,770.35,85.84,156,1345.12,49.3,10265,11686.47,3,0.6
112,jeju-3,Jeju (30km×30km),kimth9,kimth9,https://github.com/kimth9,CJU3,KR,654905,9400,398,166,2.31,0.417,0.483,0.417,0.405,0.417,0.59,304,948,3987.29,98.19,3659,9041.68,100,6056,7508.66,1,0.52
113,yukina-pl-lodz,Łódź,ahkimn,Yukina-,https://subwaybuildermodded.com/credits,LCJ,PL,652897,28269,18905,5984,3.16,0.125,0.17,0.15,0.178,0.137,1,6928,27,118.91,91.73,30,167.66,65.06,5838,10479.22,1,0.86
114,jacksonville,Jacksonville,rslurry,slurry,https://github.com/rslurry,JAX,US,644217,52553,2775,2149,1.28,0.64,0.727,0.434,0.512,0.527,0.47,5160,170,317.6,94.37,97,390.11,76.83,29868,33563.33,2,0.58
115,yukina-niigata,新潟 (Niigata),ahkimn,Yukina-,https://subwaybuildermodded.com/credits,KIJ,JP,634641,14422,5697,1316,4.32,0.185,0.199,0.165,0.19,0.175,0.98,1438,177,544.95,88.45,219,650.22,74.16,6603,9726.66,1,0.39
116,riviera-romagnola,Riviera Romagnola,Maximilian284,max02,https://github.com/Maximilian284,RIV,IT,630314,7433,4349,1141,3.81,0.19,0.215,0.166,0.189,0.178,1,1678,326,639.38,86.33,149,1253.01,44.08,9912.4,16302.08,6,0.75
117,bilbao,Bilbao,Maximilian284,max02,https://github.com/Maximilian284,ESBI,ES,627288,4933,2981,971,3.06,0.194,0.236,0.151,0.169,0.171,1,1788,275,719.24,89.6,213,1527.8,42.22,12803.9,16388.04,3,0.68
118,florence,Florence,Maximilian284,max02,https://github.com/Maximilian284,FIR,IT,626808,8434,3697,838,4.39,0.187,0.211,0.141,0.168,0.163,1,1095,429,831.03,89.86,157,1487.49,50.12,6740.2,9507.97,4,0.4
119,saltillo,Saltillo,rslurry,slurry,https://github.com/rslurry,SLW,MX,622810,11289,1274,319,3.98,0.287,0.294,0.297,0.358,0.292,0.68,508,2227,2719.69,71.79,1385,1958.83,99.37,5555,7072.82,2,0.41
120,mfn-rdu,Raleigh,crumpetime,muffintime,https://github.com/crumpetime,RDU,US,618227,73872,1938,1486,1.29,0.699,0.759,0.519,0.634,0.602,0.44,2996,295,421.64,98.45,115,410.09,95.36,23126,25133.44,4,0.86
121,rotterdam-the-hague,Rotterdam-The Hague,ryandicicco,ryandicicco,https://github.com/ryandicicco,RTM,NL,613773,6740,854,449,1.88,0.413,0.593,0.389,0.606,0.401,0.72,868,3509,5289.11,100,1216,2655.2,99.11,15579,15561.19,2,0.81
122,yukina-nakadoori,中通り (Nakadōri),ahkimn,Yukina-,https://subwaybuildermodded.com/credits,FKS,JP,597170,14664,6375,1962,3.25,0.214,0.246,0.185,0.229,0.199,0.99,2768,114,342.95,88.74,122,451.3,67.43,6730,10685.22,2,0.94
123,yukina-cz-ostrava,Ostrava,ahkimn,Yukina-,https://subwaybuildermodded.com/credits,OSR,CZ,574607,40958,13934,2606,5.34,0.119,0.132,0.157,0.18,0.137,1,3864,85,250.29,88.07,40,329.83,66.85,10162,13528.34,1,0.89
124,palermo,Palermo,Maximilian284,max02,https://github.com/Maximilian284,PAL,IT,566901,8946,3264,580,5.62,0.179,0.189,0.164,0.164,0.171,0.92,769,432,1118.85,87.24,207,1557.21,62.76,9648.4,13010.82,1,0.31
125,yukina-takamatsu,高松 (Takamatsu),ahkimn,Yukina-,https://subwaybuildermodded.com/credits,TAK,JP,564954,13135,5224,1231,4.24,0.23,0.249,0.196,0.226,0.212,0.87,1394,272,497.86,92.12,206,552.22,83.1,6861,10101.58,3,0.51
126,yukina-kagoshima-kirishima,鹿児島 (Kagoshima),ahkimn,Yukina-,https://subwaybuildermodded.com/credits,KOJ,JP,542021,10719,3562,907,3.92,0.202,0.22,0.171,0.207,0.186,0.97,1307,165,715.48,83.46,176,745.22,80.15,6314,10515.61,1,0.25
127,louisville,Louisville,soccerjonj,soccerjonj,https://github.com/soccerjonj,SDF,US,530833,48045,3488,2927,1.19,0.604,0.751,0.466,0.533,0.53,0.3,8971,52,194.94,93.03,38,257.36,70.45,26048,30657.83,1,0.43
128,catania,Catania,Maximilian284,max02,https://github.com/Maximilian284,CAT,IT,530181,7992,3552,616,5.73,0.187,0.195,0.149,0.166,0.167,0.92,780,551,945.3,90.58,224,1526.59,56.33,7536.1,10017.8,1,0.36
129,yukina-cz-brno,Brno,ahkimn,Yukina-,https://subwaybuildermodded.com/credits,BRQ,CZ,520100,36136,11016,1849,5.94,0.108,0.118,0.134,0.165,0.12,1,3520,106,331.31,84.8,34,406.74,69.12,8751,13011.3,1,0.24
130,winnipeg,Winnipeg,devenperez,devenperez,https://github.com/devenperez,YWG,CA,502477,4154,2137,751,2.83,0.307,0.336,0.326,0.438,0.317,0.74,936,728,844.39,79.09,362,809.92,82.56,8246,9137.55,2,0.11
131,yukina-bydgoszcz-torun,Bydgoszcz - Toruń,ahkimn,Yukina-,https://subwaybuildermodded.com/credits,BZG,PL,500170,21919,15472,5424,2.85,0.125,0.183,0.14,0.179,0.132,1,7660,25,104.64,88.11,34,152.01,60.66,6101,11286.18,2,0.92
132,quebec-city,Quebec City,devenperez,devenperez,https://github.com/devenperez,YQB,CA,497019,4131,2176,855,2.54,0.308,0.395,0.321,0.425,0.314,0.79,1139,431,634.83,91.23,368,802.61,72.16,10565,13842.27,1,0.22
133,santa-barbara,Santa Barbara,rslurry,slurry,https://github.com/rslurry,SBA,US,475304,30058,1431,1102,1.29,0.493,0.553,0.414,0.495,0.452,0.53,2749,86,600.89,71.78,208,632.89,68.15,23109,38818.22,3,0.67
134,jerusalem,Jerusalem,BarKuperman,BarKuperman,https://github.com/BarKuperman,JER,IL,473200,2366,650,265,2.43,0.44,0.515,0.307,0.395,0.367,0.69,476,1600,2080.72,84.15,800,2153,81.89,9584,14677.28,1,0.84
135,yukina-nakaumi,中海 (Nakaumi),ahkimn,Yukina-,https://subwaybuildermodded.com/credits,IZO,JP,472700,15820,6448,1634,3.94,0.185,0.212,0.173,0.191,0.179,0.99,2724,102,311.43,92.84,122,441.22,65.54,7026,11152.61,3,0.91
136,yukina-nagasaki,長崎 (Nagasaki),ahkimn,Yukina-,https://subwaybuildermodded.com/credits,NGS,JP,467566,14369,5003,937,5.33,0.149,0.174,0.133,0.166,0.141,1,1198,160,548.44,90.93,171,663.04,75.24,6625,10378.7,2,0.39
137,genoa,Genoa,Maximilian284,max02,https://github.com/Maximilian284,GEN,IT,456057,6547,1881,439,4.26,0.181,0.19,0.152,0.14,0.166,1,651,441,1315.12,78.82,162,1518.57,68.34,6416,9853.07,1,0.29
138,bologna,Bologna,Maximilian284,max02,https://github.com/Maximilian284,BOL,IT,454179,5584,2714,700,3.87,0.19,0.212,0.162,0.178,0.175,1,915,362,820.46,79,149,1137.06,57,7458.4,10185.21,2,0.27
139,richmond,Richmond,rslurry,slurry,https://github.com/rslurry,RIC,US,452742,63651,1780,1454,1.22,0.787,0.847,0.493,0.568,0.623,0.36,3484,179,318.97,97.59,93,357.53,87,23232,25646.25,2,0.53
140,piedmont-triad,Piedmont Triad,PSWBSF,Potato Spaghetti Water Balloon Space Federation,https://youtu.be/dQw4w9WgXcQ?t=0,WGH,US,452333,49019,2580,2180,1.17,0.823,0.927,0.517,0.601,0.653,0.26,6160,125,209.25,99.13,57,229.99,90.18,26325,30393.27,5,0.89
141,buffalo-ny,Buffalo,PSWBSF,Potato Spaghetti Water Balloon Space Federation,https://youtu.be/dQw4w9WgXcQ?t=0,BUF,US,445021,31196,1559,1107,1.39,0.569,0.645,0.482,0.504,0.524,0.55,2196,248,407.83,98.55,151,399.41,96.3,18508,20010.55,2,0.75
142,waterloo,Region of Waterloo,Kronifer,Kronifer,https://github.com/Kronifer,YKF,CA,437817,3001,881,410,2.13,0.371,0.53,0.48,0.742,0.422,0.63,582,906,1071.89,99.02,402,1438.7,73.66,6279,8967.96,3,0.41
143,akron-oh,"Akron, OH",bean1322,bean1322,https://github.com/bean1322,AKR,US,421326,45142,2292,1924,1.19,0.754,0.851,0.575,0.655,0.658,0.32,4616,134,221.16,99.01,94,230.39,95.01,23883,27573.92,2,0.88
144,yukina-tsugaru,津軽 (Tsugaru),ahkimn,Yukina-,https://subwaybuildermodded.com/credits,AOJ,JP,414153,15013,6270,1283,4.88,0.166,0.176,0.142,0.177,0.154,1,1960,138,360.23,89.56,113,432.2,74.67,5834,10189.06,2,0.94
145,yukina-morioka,盛岡 (Morioka),ahkimn,Yukina-,https://subwaybuildermodded.com/credits,HNA,JP,407181,14837,6254,1553,4.02,0.18,0.205,0.153,0.186,0.166,1,2340,87,291.8,89.83,88,371.61,70.51,6529,10501.45,2,0.9
146,yukina-matsuyama,松山 (Matsuyama),ahkimn,Yukina-,https://subwaybuildermodded.com/credits,MYJ,JP,393608,11426,3270,510,6.4,0.152,0.174,0.146,0.159,0.149,0.96,880,234,836.94,92.16,287,988.73,78.04,5274,7170.27,1,0.26
147,yukina-pl-lublin,Lublin,ahkimn,Yukina-,https://subwaybuildermodded.com/credits,LUZ,PL,389378,20481,14596,5137,2.84,0.134,0.192,0.152,0.191,0.143,1,6912,28,83.58,90.66,27,106.47,71.17,6393,12371.06,1,0.68
148,yukina-pl-szczecin,Szczecin,ahkimn,Yukina-,https://subwaybuildermodded.com/credits,SZZ,PL,362623,14254,9579,2759,3.47,0.125,0.155,0.138,0.184,0.131,1,7136,36,159.78,82.24,43,191.83,68.5,5794,11068.47,1,0.89
149,tri-cities,Tri-Cities,ryandicicco,ryandicicco,https://github.com/ryandicicco,PSC,US,346040,6659,334,250,1.31,0.581,0.651,0.451,0.609,0.512,0.46,640,810,1560.41,88.4,540,1461.51,92.8,0,0,3,0.54
150,albany,Albany,soccerjonj,soccerjonj,https://github.com/soccerjonj,ALB,US,328703,26823,1694,1381,1.21,0.62,0.732,0.467,0.527,0.538,0.39,3716,108,241.62,98.48,58,277.02,85.81,22113,24432.76,2,0.45
151,mfn-madisonwi,Madison,crumpetime,muffintime,https://github.com/crumpetime,MSN,US,327350,48129,2101,1814,1.15,0.603,0.696,0.425,0.509,0.507,0.24,5894,31,187.94,95.92,37,249.55,72.22,24817,28740.04,1,0.42
152,charleston-sc,"Charleston, SC",PSWBSF,Potato Spaghetti Water Balloon Space Federation,https://youtu.be/dQw4w9WgXcQ?t=0,CHS,US,323867,19301,1185,900,1.3,0.624,0.69,0.557,0.611,0.59,0.37,2340,221,395.41,91,135,434.99,82.67,21011,22641.51,2,0.81
153,knoxville,Knoxville,rslurry,slurry,https://github.com/rslurry,KNOX,US,323445,45836,1520,1278,1.18,0.874,0.944,0.507,0.659,0.666,0.28,3368,152,258.89,97.73,62,292.98,85.68,25746,27852.71,3,0.56
154,yukina-yamagata,山形 (Yamagata),ahkimn,Yukina-,https://subwaybuildermodded.com/credits,GAJ,JP,323354,11161,4254,833,5.1,0.175,0.181,0.147,0.177,0.16,0.98,1017,165,433.82,89.44,180,556.5,69.75,5890,8373.87,1,0.33
155,yukina-kochi,高知 (Kōchi),ahkimn,Yukina-,https://subwaybuildermodded.com/credits,KCZ,JP,314606,9927,3511,697,5.03,0.155,0.19,0.148,0.17,0.151,1,1164,134,485.34,92.97,147,616.66,73.17,6026,8393.46,1,0.72
156,yukina-pl-rzeszow,Rzeszów,ahkimn,Yukina-,https://subwaybuildermodded.com/credits,RZE,PL,309120,18552,14337,3432,4.17,0.125,0.168,0.133,0.161,0.129,1,3996,46,96.64,93.12,40,127,70.89,6009,10065.87,1,0.91
157,dayton-oh,Dayton,PSWBSF,Potato Spaghetti Water Balloon Space Federation,https://youtu.be/dQw4w9WgXcQ?t=0,DAY,US,302604,25947,1567,1301,1.19,0.695,0.773,0.541,0.592,0.613,0.36,3213,116,236.86,98.16,98,257.87,89.85,20309,22104.36,1,0.49
158,yukina-cz-ustecko-chomutov,Ústí nad Labem - Chomutov,ahkimn,Yukina-,https://subwaybuildermodded.com/credits,UCH,CZ,299448,20628,6541,1552,4.21,0.113,0.13,0.146,0.181,0.129,1,3056,58,230.98,83.51,34,274.89,70.17,7103,11617.36,5,0.96
159,trondheim-no,Trondheim,rslurry,slurry,https://github.com/rslurry,GTRD,US,294397,16645,9277,5905,1.57,0.276,0.304,0.284,0.326,0.28,1,7088,6,50.62,98.48,3,109.68,45.45,14230,28091.63,1,0.83
160,rochester,Rochester,rslurry,slurry,https://github.com/rslurry,ROC,US,270140,24806,832,611,1.34,0.654,0.701,0.498,0.567,0.571,0.56,943,308,443.57,99.51,163,446.6,98.69,14667,15651.83,1,0.33
161,toledo-oh,Toledo,bean1322,bean1322,https://github.com/bean1322,TOL,US,264059,27347,2253,1971,1.13,0.634,0.789,0.542,0.633,0.586,0.04,7048,36,142.97,93.66,46,194.24,68.8,23566,29569.21,3,0.72
162,mfn-northwestar,Northwest Arkansas,crumpetime,muffintime,https://github.com/crumpetime,XNA,US,261959,38101,3064,2815,1.08,0.737,0.893,0.488,0.573,0.6,0.05,9554,19,111.52,83.45,19,187.37,49.66,25870,30654.34,2,0.52
163,yukina-cz-olomouc,Olomouc,ahkimn,Yukina-,https://subwaybuildermodded.com/credits,OLO,CZ,260329,17520,7258,1464,4.95,0.111,0.124,0.147,0.172,0.128,1,2848,74,205.36,86.54,32,263.47,67.49,7454,11408.87,1,0.96
164,yukina-cz-hradec-pardubice,Hradec Králové - Pardubice,ahkimn,Yukina-,https://subwaybuildermodded.com/credits,HKP,CZ,251972,17357,7213,1651,4.36,0.115,0.128,0.133,0.164,0.124,1,2648,58,174.61,87.28,23,238.78,63.9,7129,11020.56,2,0.94
165,yukina-pl-bialystok,Białystok,ahkimn,Yukina-,https://subwaybuildermodded.com/credits,BTK,PL,251757,11774,8203,3013,2.72,0.125,0.191,0.138,0.192,0.131,1,6768,23,99,84.37,25,121.31,68.87,5330,9976.28,1,0.51
166,yukina-cz-plzen,Plzeň,ahkimn,Yukina-,https://subwaybuildermodded.com/credits,PLZ,CZ,240374,16448,6886,1514,4.54,0.108,0.126,0.138,0.17,0.122,1,3424,51,185.09,85.73,22,248.24,63.94,7815,11921.1,1,0.5
167,oklahoma-city,Oklahoma City,ryandicicco,ryandicicco,https://github.com/ryandicicco,OKC,US,235101,20963,640,495,1.27,0.743,0.792,0.452,0.769,0.579,0.49,948,351,483.42,97.78,173,479.84,95.96,14663,15342.92,2,0.73
168,providence,Providence,soccerjonj,soccerjonj,https://github.com/soccerjonj,PVD,US,233115,13933,683,423,1.61,0.514,0.58,0.425,0.481,0.467,0.66,527,347,556.29,99.05,272,555.78,99.05,11091,13383.48,2,0.26
169,yukina-asahikawa,旭川 (Asahikawa),ahkimn,Yukina-,https://subwaybuildermodded.com/credits,AKJ,JP,231968,8448,3231,537,6,0.137,0.17,0.128,0.161,0.132,1,984,89,530.53,81.38,125,582.17,73.74,4929,6525.75,1,0.24
170,yukina-hakodate,函館 (Hakodate),ahkimn,Yukina-,https://subwaybuildermodded.com/credits,HKD,JP,208369,6819,2222,457,4.85,0.173,0.174,0.145,0.168,0.158,1,784,120,529.97,86,130,556.74,81.84,4944,8096.29,1,0.32
171,yukina-tottori,鳥取 (Tottori),ahkimn,Yukina-,https://subwaybuildermodded.com/credits,TTJ,JP,208067,7355,3216,870,3.69,0.169,0.211,0.149,0.181,0.158,1,1600,88,255.09,93.68,97,390.17,61.26,6147,10782.51,2,0.93
172,trondheim-val,Trondheim,Valdotorium,Valdotorium,https://github.com/Valdotorium,TRD,NO,194310,1764,123,83,1.4,0.415,0.485,0.433,0.442,0.424,0.77,84,2982,3864.27,100,1196,2878.35,100,3689,4163.48,1,0
173,anchorage-ak,Anchorage,PSWBSF,Potato Spaghetti Water Balloon Space Federation,https://youtu.be/dQw4w9WgXcQ?t=0,ANC,US,189506,10546,742,592,1.24,0.459,0.586,0.366,0.442,0.41,0.35,1948,124,386.69,82.77,83,438.57,72.97,18255,32964.98,1,0.59
174,yukina-cz-liberec-jablonec,Liberec - Jablonec nad Nisou,ahkimn,Yukina-,https://subwaybuildermodded.com/credits,LBC,CZ,168632,11867,4415,1081,4.07,0.124,0.142,0.138,0.154,0.131,1,1680,49,174.88,89.08,27,241.58,64.57,6040,10004.75,3,0.8
175,colorado-ski-country,Colorado Ski Country,soccerjonj,soccerjonj,https://github.com/soccerjonj,EGE,US,167071,8868,2140,2056,1.03,0.709,0.888,0.324,0.556,0.479,0.28,5915,9,183.39,44.31,18,295.7,27.48,46555,65192.97,6,0.82
176,yukina-cz-ceske-budejovice,České Budějovice,ahkimn,Yukina-,https://subwaybuildermodded.com/credits,CBS,CZ,157232,10539,4402,1125,3.91,0.11,0.134,0.147,0.167,0.127,1,2652,48,167.02,83.64,18,218.34,64,6276,11027.98,1,0.71
177,spokane,Spokane,ryandicicco,ryandicicco,https://github.com/ryandicicco,GEG,US,157109,16695,526,399,1.3,0.685,0.732,0.435,0.579,0.546,0.47,908,223,401.13,97.99,152,407.59,94.49,12413,13517.45,2,0.65
178,syracuse-ny,"Syracuse, NY",PSWBSF,Potato Spaghetti Water Balloon Space Federation,https://youtu.be/dQw4w9WgXcQ?t=0,SYR,US,156483,10188,769,599,1.27,0.563,0.669,0.445,0.521,0.5,0.51,1408,140,272.04,95.99,92,286.86,90.98,14800,15430.75,2,0.74
179,charleston-huntington-wv,Charleston-Huntington,PSWBSF,Potato Spaghetti Water Balloon Space Federation,https://youtu.be/dQw4w9WgXcQ?t=0,CHAI,US,151225,16547,1595,1462,1.08,0.784,0.927,0.536,0.632,0.648,0,5884,36,116.05,89.12,40,176.25,58.69,25794,32341.68,3,0.91
180,ipoh,Ipoh,nzh0172,naz,https://github.com/nzh0172,IPH,MY,89318,1477,710,358,1.97,0.512,0.585,0.419,0.605,0.463,0.58,824,3,330.6,74.86,222,1131.35,99.72,4804,11579.4,1,0.61
181,wilmington-nc,"Wilmington, NC",PSWBSF,Potato Spaghetti Water Balloon Space Federation,https://youtu.be/dQw4w9WgXcQ?t=0,WIL,US,83410,3737,333,231,1.41,0.589,0.635,0.534,0.573,0.561,0.5,448,301,393.37,91.77,141,379.15,93.94,10405,11460.15,2,0.53
182,yukina-nemuro,根室 (Nemuro),ahkimn,Yukina-,https://subwaybuildermodded.com/credits,SHB,JP,44730,3748,1757,507,3.46,0.128,0.268,0.12,0.199,0.124,1,1588,27,103.56,85.01,27,129.2,68.24,3150,8788.85,2,0.99
183,yukina-wakkanai,稚内 (Wakkanai),ahkimn,Yukina-,https://subwaybuildermodded.com/credits,WKJ,JP,40624,2916,1146,369,3.09,0.146,0.269,0.135,0.227,0.14,1,1112,29,132.81,82.66,40,161.59,67.48,2989,12502.38,1,1
