rank,listing_type,id,name,author,author_alias,attribution_link,total_downloads,adjusted_total_downloads,latest_snapshot
1,mod,advanced-analytics,Advanced Analytics,stefanorigano,Steno,https://github.com/stefanorigano,6561,6561,snapshot_2026_05_21.json
2,map,greater-los-angeles,Greater Los Angeles,rslurry,slurry,https://github.com/rslurry,2232,2232,snapshot_2026_05_21.json
3,mod,subwaybuilder-regions,Regions,ahkimn,Yukina-,https://subwaybuildermodded.com/credits,1958,1958,snapshot_2026_05_21.json
4,mod,distance-circles,Station Catchment Viewer,crumpetime,muffintime,https://github.com/crumpetime,1871,1871,snapshot_2026_05_21.json
5,mod,danield1909-dantrains,"danTrains (v1.* ""Phoenix"")",DanielD1909,DanielD1909,https://github.com/DanielD1909,1723,1723,snapshot_2026_05_21.json
6,mod,simple-trains,Simple Trains,Bobby-047,Bobby-047,https://github.com/Bobby-047,1643,1643,snapshot_2026_05_21.json
7,mod,transit-overlay,Transit Overlay,BarKuperman,BarKuperman,https://github.com/BarKuperman,1623,1623,snapshot_2026_05_21.json
8,map,toronto,Toronto,devenperez,devenperez,https://github.com/devenperez,1562,1562,snapshot_2026_05_21.json
9,map,jelegend-tokyo,東京 (Tokyo),jelegend,jelegend,https://github.com/jelegend,1440,1440,snapshot_2026_05_21.json
10,mod,valdotoriums-trains,Valdotoriums S-Bahn and Trams,Valdotorium,Valdotorium,https://github.com/Valdotorium,1436,1436,snapshot_2026_05_21.json
11,map,seoul-4,Seoul (40km×40km),kimth9,kimth9,https://github.com/kimth9,1360,1360,snapshot_2026_05_21.json
12,mod,citymapper,Citymapper,Gio1112,giorgiodabest,https://giorgio.is-a.dev/,1337,1337,snapshot_2026_05_21.json
13,map,yukina-osaka,大阪 (Ōsaka),ahkimn,Yukina-,https://subwaybuildermodded.com/credits,1267,1267,snapshot_2026_05_21.json
14,mod,any-money,anyMoney,nzh0172,naz,https://github.com/nzh0172,1089,1089,snapshot_2026_05_21.json
15,map,montreal,Montreal,devenperez,devenperez,https://github.com/devenperez,1075,1075,snapshot_2026_05_21.json
16,map,ciudad-de-mexico,Ciudad de México,rslurry,slurry,https://github.com/rslurry,1074,1074,snapshot_2026_05_21.json
17,map,mfn-hong-kong,Hong Kong,crumpetime,muffintime,https://github.com/crumpetime,1030,1030,snapshot_2026_05_21.json
18,map,los-angeles-county,Los Angeles County,rslurry,slurry,https://github.com/rslurry,1005,1005,snapshot_2026_05_21.json
19,map,berlin-val,Berlin,Valdotorium,Valdotorium,https://github.com/Valdotorium,1001,1001,snapshot_2026_05_21.json
20,map,zurich,Zurich,Kronifer,Kronifer,https://github.com/Kronifer,938,938,snapshot_2026_05_21.json
21,mod,network-status,Network Status,Valdotorium,Valdotorium,https://github.com/Valdotorium,929,929,snapshot_2026_05_21.json
22,map,vancouver,Vancouver,devenperez,devenperez,https://github.com/devenperez,896,896,snapshot_2026_05_21.json
23,map,barcelona,Barcelona,Maximilian284,max02,https://github.com/Maximilian284,857,857,snapshot_2026_05_21.json
24,mod,station-dots,Station Dots,nzh0172,naz,https://github.com/nzh0172,830,830,snapshot_2026_05_21.json
25,map,yukina-kyoto,京都 (Kyōto),ahkimn,Yukina-,https://subwaybuildermodded.com/credits,823,823,snapshot_2026_05_21.json
26,map,amsterdam,Amsterdam,ryandicicco,ryandicicco,https://github.com/ryandicicco,811,811,snapshot_2026_05_21.json
27,map,sydney,Sydney,WillBarouch,WillBarouch,https://github.com/WillBarouch,777,777,snapshot_2026_05_21.json
28,map,glasgow-edinburgh,Glasgow-Edinburgh,Kronifer,Kronifer,https://github.com/Kronifer,752,752,snapshot_2026_05_21.json
29,map,madrid,Madrid,Maximilian284,max02,https://github.com/Maximilian284,721,721,snapshot_2026_05_21.json
30,map,singapore-val,Singapore,Valdotorium,Valdotorium,https://github.com/Valdotorium,712,712,snapshot_2026_05_21.json
31,map,seoul-3,Seoul (30km×30km),kimth9,kimth9,https://github.com/kimth9,691,691,snapshot_2026_05_21.json
32,map,yukina-cz-praha,Praha,ahkimn,Yukina-,https://subwaybuildermodded.com/credits,625,625,snapshot_2026_05_21.json
33,map,busan-4,Busan (40km×40km),kimth9,kimth9,https://github.com/kimth9,570,570,snapshot_2026_05_21.json
34,mod,game-speedup,Game SpeedUp,Valdotorium,Valdotorium,https://github.com/Valdotorium,568,568,snapshot_2026_05_21.json
35,map,helsinki,Helsinki,rslurry,slurry,https://github.com/rslurry,551,551,snapshot_2026_05_21.json
36,map,yukina-fukuoka,福岡 (Fukuoka),ahkimn,Yukina-,https://subwaybuildermodded.com/credits,550,550,snapshot_2026_05_21.json
37,map,monterrey,Monterrey,rslurry,slurry,https://github.com/rslurry,481,481,snapshot_2026_05_21.json
38,map,milan,Milan,Maximilian284,max02,https://github.com/Maximilian284,479,479,snapshot_2026_05_21.json
39,map,rome,Rome,Maximilian284,max02,https://github.com/Maximilian284,447,447,snapshot_2026_05_21.json
40,map,guadalajara,Guadalajara,rslurry,slurry,https://github.com/rslurry,439,439,snapshot_2026_05_21.json
41,map,dublin,Dublin,Kronifer,Kronifer,https://github.com/Kronifer,427,427,snapshot_2026_05_21.json
42,map,incheon-4,Incheon (40km×40km),kimth9,kimth9,https://github.com/kimth9,424,424,snapshot_2026_05_21.json
43,mod,cinematic-camera,Cinematic Camera,TransitCore,TransitCore,https://github.com/TransitCore,423,423,snapshot_2026_05_21.json
44,map,yukina-sapporo-chitose,札幌 (Sapporo),ahkimn,Yukina-,https://subwaybuildermodded.com/credits,423,423,snapshot_2026_05_21.json
45,map,guangzhou,Guangzhou,Kronifer,Kronifer,https://github.com/Kronifer,409,409,snapshot_2026_05_21.json
46,map,yukina-nagoya,名古屋 (Nagoya),ahkimn,Yukina-,https://subwaybuildermodded.com/credits,407,407,snapshot_2026_05_21.json
47,map,ottawa,Ottawa,devenperez,devenperez,https://github.com/devenperez,402,402,snapshot_2026_05_21.json
48,map,rotterdam-the-hague,Rotterdam-The Hague,ryandicicco,ryandicicco,https://github.com/ryandicicco,380,380,snapshot_2026_05_21.json
49,map,charleston-huntington-wv,Charleston-Huntington,PSWBSF,Potato Spaghetti Water Balloon Space Federation,https://youtu.be/dQw4w9WgXcQ?t=0,368,368,snapshot_2026_05_21.json
50,map,calgary,Calgary,devenperez,devenperez,https://github.com/devenperez,365,365,snapshot_2026_05_21.json
51,map,baltimore-dc-corridor,Baltimore-DC Corridor,rslurry,slurry,https://github.com/rslurry,364,364,snapshot_2026_05_21.json
52,map,yukina-okinawa,沖縄 (Okinawa),ahkimn,Yukina-,https://subwaybuildermodded.com/credits,362,362,snapshot_2026_05_21.json
53,mod,mode-manager,Mode Manager,Mpfk,Mpfk,https://github.com/Mpfk,357,357,snapshot_2026_05_21.json
54,map,warsaw-val,Warsaw,Valdotorium,Valdotorium,https://github.com/Valdotorium,346,346,snapshot_2026_05_21.json
55,map,yukina-hiroshima-kure,広島 (Hiroshima),ahkimn,Yukina-,https://subwaybuildermodded.com/credits,346,346,snapshot_2026_05_21.json
56,map,puerto-rico,Puerto Rico,rslurry,slurry,https://github.com/rslurry,340,340,snapshot_2026_05_21.json
57,map,shanghai,Shanghai,Kronifer,Kronifer,https://github.com/Kronifer,333,333,snapshot_2026_05_21.json
58,map,edmonton,Edmonton,devenperez,devenperez,https://github.com/devenperez,329,329,snapshot_2026_05_21.json
59,map,mfn-lasvegas,Las Vegas,crumpetime,muffintime,https://github.com/crumpetime,329,329,snapshot_2026_05_21.json
60,map,quebec-city,Quebec City,devenperez,devenperez,https://github.com/devenperez,324,324,snapshot_2026_05_21.json
61,map,tel-aviv,Tel Aviv,BarKuperman,BarKuperman,https://github.com/BarKuperman,274,274,snapshot_2026_05_21.json
62,map,winnipeg,Winnipeg,devenperez,devenperez,https://github.com/devenperez,263,263,snapshot_2026_05_21.json
63,map,cairo,Cairo,ryandicicco,ryandicicco,https://github.com/ryandicicco,260,260,snapshot_2026_05_21.json
64,map,tampa-bay,Tampa Bay,rslurry,slurry,https://github.com/rslurry,258,258,snapshot_2026_05_21.json
65,map,busan-3,Busan (30km×30km),kimth9,kimth9,https://github.com/kimth9,257,257,snapshot_2026_05_21.json
66,map,greater-kuala-lumpur,Greater Kuala Lumpur,nzh0172,naz,https://github.com/nzh0172,256,256,snapshot_2026_05_21.json
67,map,bilbao,Bilbao,Maximilian284,max02,https://github.com/Maximilian284,254,254,snapshot_2026_05_21.json
68,map,mfn-madisonwi,Madison,crumpetime,muffintime,https://github.com/crumpetime,250,250,snapshot_2026_05_21.json
69,map,valencia,Valencia,Maximilian284,max02,https://github.com/Maximilian284,247,247,snapshot_2026_05_21.json
70,map,yukina-kitakyushu-shimonoseki,北九州 (Kitakyūshū),ahkimn,Yukina-,https://subwaybuildermodded.com/credits,241,241,snapshot_2026_05_21.json
71,map,bangkok,Bangkok,nzh0172,naz,https://github.com/nzh0172,238,238,snapshot_2026_05_21.json
72,map,yukina-kobe-akashi,神戸 (Kōbe),ahkimn,Yukina-,https://subwaybuildermodded.com/credits,238,238,snapshot_2026_05_21.json
73,map,greater-newyork,Greater NYC,chasemanning040911-afk,lechicken,https://github.com/chasemanning040911-afk,225,225,snapshot_2026_05_21.json
74,map,daytonatti,Daytonatti,soccerjonj,soccerjonj,https://github.com/soccerjonj,214,214,snapshot_2026_05_21.json
75,map,yukina-pl-krakow,Kraków,ahkimn,Yukina-,https://subwaybuildermodded.com/credits,211,211,snapshot_2026_05_21.json
76,map,greatertwincities,Greater Twin Cities,DanielD1909,DanielD1909,https://github.com/DanielD1909,205,205,snapshot_2026_05_21.json
77,map,south-florida,South Florida,kaicardenas0618,kaicardenas0618,https://github.com/kaicardenas0618,205,205,snapshot_2026_05_21.json
78,mod,kr-ktp,Korean Transit Pack,kimth9,kimth9,https://github.com/kimth9,204,204,snapshot_2026_05_21.json
79,mod,satellite-overlay,Satellite Overlay,TransitCore,TransitCore,https://github.com/TransitCore,194,194,snapshot_2026_05_21.json
80,map,jerusalem,Jerusalem,BarKuperman,BarKuperman,https://github.com/BarKuperman,193,193,snapshot_2026_05_21.json
81,map,orlando,Orlando,rslurry,slurry,https://github.com/rslurry,191,191,snapshot_2026_05_21.json
82,map,yukina-sendai,仙台 (Sendai),ahkimn,Yukina-,https://subwaybuildermodded.com/credits,190,190,snapshot_2026_05_21.json
83,map,naples,Naples,Maximilian284,max02,https://github.com/Maximilian284,183,183,snapshot_2026_05_21.json
84,map,dubai,Dubai,ryandicicco,ryandicicco,https://github.com/ryandicicco,179,179,snapshot_2026_05_21.json
85,map,trondheim-val,Trondheim,Valdotorium,Valdotorium,https://github.com/Valdotorium,170,170,snapshot_2026_05_21.json
86,map,providence,Providence,soccerjonj,soccerjonj,https://github.com/soccerjonj,168,168,snapshot_2026_05_21.json
87,map,sejong-4,Sejong (40km×40km),kimth9,kimth9,https://github.com/kimth9,164,164,snapshot_2026_05_21.json
88,map,yukina-cz-brno,Brno,ahkimn,Yukina-,https://subwaybuildermodded.com/credits,164,164,snapshot_2026_05_21.json
89,map,yukina-pl-gdansk,Gdańsk,ahkimn,Yukina-,https://subwaybuildermodded.com/credits,162,162,snapshot_2026_05_21.json
90,map,yukina-matsuyama,松山 (Matsuyama),ahkimn,Yukina-,https://subwaybuildermodded.com/credits,156,156,snapshot_2026_05_21.json
91,map,albany,Albany,soccerjonj,soccerjonj,https://github.com/soccerjonj,155,155,snapshot_2026_05_21.json
92,map,yukina-hakodate,函館 (Hakodate),ahkimn,Yukina-,https://subwaybuildermodded.com/credits,155,155,snapshot_2026_05_21.json
93,map,yukina-pl-warszawa,Warszawa,ahkimn,Yukina-,https://subwaybuildermodded.com/credits,154,154,snapshot_2026_05_21.json
94,map,daegu-3,Daegu (30km×30km),kimth9,kimth9,https://github.com/kimth9,150,150,snapshot_2026_05_21.json
95,map,jeju-3,Jeju (30km×30km),kimth9,kimth9,https://github.com/kimth9,148,148,snapshot_2026_05_21.json
96,map,spokane,Spokane,ryandicicco,ryandicicco,https://github.com/ryandicicco,148,148,snapshot_2026_05_21.json
97,map,waterloo,Region of Waterloo,Kronifer,Kronifer,https://github.com/Kronifer,146,132,snapshot_2026_05_21.json
98,map,yukina-kochi,高知 (Kōchi),ahkimn,Yukina-,https://subwaybuildermodded.com/credits,146,146,snapshot_2026_05_21.json
99,map,san-juan,San Juan,rslurry,slurry,https://github.com/rslurry,145,145,snapshot_2026_05_21.json
100,map,sacramento,Sacramento,soccerjonj,soccerjonj,https://github.com/soccerjonj,144,144,snapshot_2026_05_21.json
101,map,nashville,Nashville,soccerjonj,soccerjonj,https://github.com/soccerjonj,143,143,snapshot_2026_05_21.json
102,map,ulsan-4,Ulsan (40km×40km),kimth9,kimth9,https://github.com/kimth9,143,143,snapshot_2026_05_21.json
103,map,yukina-northern-kyushu,福北 (Fukuoka & Kitakyūshū),ahkimn,Yukina-,https://subwaybuildermodded.com/credits,135,135,snapshot_2026_05_21.json
104,map,florence,Florence,Maximilian284,max02,https://github.com/Maximilian284,134,134,snapshot_2026_05_21.json
105,map,richmond,Richmond,rslurry,slurry,https://github.com/rslurry,133,133,snapshot_2026_05_21.json
106,map,bucharest-medium,Bucharest,metatablestudios,metatablestudios,https://github.com/metatablestudios,132,132,snapshot_2026_05_21.json
107,map,orange-county,Orange County,rslurry,slurry,https://github.com/rslurry,132,132,snapshot_2026_05_21.json
108,map,genoa,Genoa,Maximilian284,max02,https://github.com/Maximilian284,130,130,snapshot_2026_05_21.json
109,map,turin,Turin,Maximilian284,max02,https://github.com/Maximilian284,130,130,snapshot_2026_05_21.json
110,map,colorado-ski-country,Colorado Ski Country,soccerjonj,soccerjonj,https://github.com/soccerjonj,129,129,snapshot_2026_05_21.json
111,map,incheon-3,Incheon (30km×30km),kimth9,kimth9,https://github.com/kimth9,129,129,snapshot_2026_05_21.json
112,map,puebla,Puebla,rslurry,slurry,https://github.com/rslurry,129,129,snapshot_2026_05_21.json
113,map,yukina-kagoshima-kirishima,鹿児島 (Kagoshima),ahkimn,Yukina-,https://subwaybuildermodded.com/credits,129,129,snapshot_2026_05_21.json
114,map,oklahoma-city,Oklahoma City,ryandicicco,ryandicicco,https://github.com/ryandicicco,127,127,snapshot_2026_05_21.json
115,map,jeju-f,Jeju (Full Island),kimth9,kimth9,https://github.com/kimth9,126,126,snapshot_2026_05_21.json
116,map,jacksonville,Jacksonville,rslurry,slurry,https://github.com/rslurry,125,125,snapshot_2026_05_21.json
117,map,yukina-niigata,新潟 (Niigata),ahkimn,Yukina-,https://subwaybuildermodded.com/credits,125,125,snapshot_2026_05_21.json
118,map,shenzhen,Shenzhen,Kronifer,Kronifer,https://github.com/Kronifer,123,123,snapshot_2026_05_21.json
119,map,anchorage-ak,Anchorage,PSWBSF,Potato Spaghetti Water Balloon Space Federation,https://youtu.be/dQw4w9WgXcQ?t=0,122,122,snapshot_2026_05_21.json
120,map,tijuana-san-diego,Tijuana-San Diego,rslurry,slurry,https://github.com/rslurry,118,118,snapshot_2026_05_21.json
121,map,yukina-cz-ostrava,Ostrava,ahkimn,Yukina-,https://subwaybuildermodded.com/credits,115,115,snapshot_2026_05_21.json
122,map,yukina-yamagata,山形 (Yamagata),ahkimn,Yukina-,https://subwaybuildermodded.com/credits,115,115,snapshot_2026_05_21.json
123,map,louisville,Louisville,soccerjonj,soccerjonj,https://github.com/soccerjonj,114,114,snapshot_2026_05_21.json
124,map,sejong-3,Sejong (30km×30km),kimth9,kimth9,https://github.com/kimth9,114,114,snapshot_2026_05_21.json
125,map,mfn-hamptonroads,Norfolk,crumpetime,muffintime,https://github.com/crumpetime,113,101,snapshot_2026_05_21.json
126,map,rochester,Rochester,rslurry,slurry,https://github.com/rslurry,113,113,snapshot_2026_05_21.json
127,map,ciudad-juarez-el-paso,Ciudad Juárez-El Paso,rslurry,slurry,https://github.com/rslurry,112,112,snapshot_2026_05_21.json
128,map,yukina-nagasaki,長崎 (Nagasaki),ahkimn,Yukina-,https://subwaybuildermodded.com/credits,112,112,snapshot_2026_05_21.json
129,map,yukina-pl-wroclaw,Wrocław,ahkimn,Yukina-,https://subwaybuildermodded.com/credits,112,112,snapshot_2026_05_21.json
130,mod,chinese-trains,Chinese Trains,kaicardenas0618,kaicardenas0618,https://github.com/kaicardenas0618,109,109,snapshot_2026_05_21.json
131,map,bari,Bari,Maximilian284,max02,https://github.com/Maximilian284,105,105,snapshot_2026_05_21.json
132,map,bologna,Bologna,Maximilian284,max02,https://github.com/Maximilian284,105,105,snapshot_2026_05_21.json
133,map,pianura-veneta,Pianura Veneta,Maximilian284,max02,https://github.com/Maximilian284,105,105,snapshot_2026_05_21.json
134,map,rhode-island,Rhode Island,rslurry,slurry,https://github.com/rslurry,105,105,snapshot_2026_05_21.json
135,map,greater-baltimore,Greater Baltimore,rslurry,slurry,https://github.com/rslurry,104,104,snapshot_2026_05_21.json
136,mod,tathan-casino,TATHAN Casino,TathanDev,TathanDev,https://github.com/TathanDev,104,104,snapshot_2026_05_21.json
137,map,buffalo-ny,Buffalo,PSWBSF,Potato Spaghetti Water Balloon Space Federation,https://youtu.be/dQw4w9WgXcQ?t=0,103,103,snapshot_2026_05_21.json
138,map,mfn-northwestar,Northwest Arkansas,crumpetime,muffintime,https://github.com/crumpetime,103,103,snapshot_2026_05_21.json
139,map,santa-barbara,Santa Barbara,rslurry,slurry,https://github.com/rslurry,103,103,snapshot_2026_05_21.json
140,map,pyongyang-nk,Pyongyang,PSWBSF,Potato Spaghetti Water Balloon Space Federation,https://youtu.be/dQw4w9WgXcQ?t=0,102,102,snapshot_2026_05_21.json
141,map,memphis,Memphis,rslurry,slurry,https://github.com/rslurry,97,97,snapshot_2026_05_21.json
142,map,daegu-4,Daegu (40km×40km),kimth9,kimth9,https://github.com/kimth9,96,96,snapshot_2026_05_21.json
143,map,garda-lake,Garda Lake,Maximilian284,max02,https://github.com/Maximilian284,90,90,snapshot_2026_05_21.json
144,map,san-antonio,San Antonio,rslurry,slurry,https://github.com/rslurry,90,90,snapshot_2026_05_21.json
145,map,yukina-cz-plzen,Plzeň,ahkimn,Yukina-,https://subwaybuildermodded.com/credits,87,87,snapshot_2026_05_21.json
146,map,catania,Catania,Maximilian284,max02,https://github.com/Maximilian284,83,83,snapshot_2026_05_21.json
147,map,piedmont-triad,Piedmont Triad,PSWBSF,Potato Spaghetti Water Balloon Space Federation,https://youtu.be/dQw4w9WgXcQ?t=0,83,83,snapshot_2026_05_21.json
148,map,willamette-valley,"Willamette Valley, OR",Phineapoo,Phineapoo,https://github.com/Phineapoo,83,83,snapshot_2026_05_21.json
149,map,yukina-nakaumi,中海 (Nakaumi),ahkimn,Yukina-,https://subwaybuildermodded.com/credits,83,83,snapshot_2026_05_21.json
150,map,saltillo,Saltillo,rslurry,slurry,https://github.com/rslurry,82,82,snapshot_2026_05_21.json
151,map,yukina-pl-lodz,Łódź,ahkimn,Yukina-,https://subwaybuildermodded.com/credits,79,79,snapshot_2026_05_21.json
152,map,cdmx-core,CDMX Core,rslurry,slurry,https://github.com/rslurry,78,78,snapshot_2026_05_21.json
153,map,palermo,Palermo,Maximilian284,max02,https://github.com/Maximilian284,77,77,snapshot_2026_05_21.json
154,map,wilmington-nc,"Wilmington, NC",PSWBSF,Potato Spaghetti Water Balloon Space Federation,https://youtu.be/dQw4w9WgXcQ?t=0,77,77,snapshot_2026_05_21.json
155,map,yukina-bydgoszcz-torun,Bydgoszcz - Toruń,ahkimn,Yukina-,https://subwaybuildermodded.com/credits,76,76,snapshot_2026_05_21.json
156,map,yukina-toyama,富山 (Toyama),ahkimn,Yukina-,https://subwaybuildermodded.com/credits,72,72,snapshot_2026_05_21.json
157,map,yukina-cz-ustecko-chomutov,Ústí nad Labem - Chomutov,ahkimn,Yukina-,https://subwaybuildermodded.com/credits,71,71,snapshot_2026_05_21.json
158,map,charleston-sc,"Charleston, SC",PSWBSF,Potato Spaghetti Water Balloon Space Federation,https://youtu.be/dQw4w9WgXcQ?t=0,69,69,snapshot_2026_05_21.json
159,map,yukina-cz-olomouc,Olomouc,ahkimn,Yukina-,https://subwaybuildermodded.com/credits,65,65,snapshot_2026_05_21.json
160,map,yukina-shizuoka-hamamatsu,静岡・浜松 (Shizuoka/Hamamatsu),ahkimn,Yukina-,https://subwaybuildermodded.com/credits,64,64,snapshot_2026_05_21.json
161,map,yukina-asahikawa,旭川 (Asahikawa),ahkimn,Yukina-,https://subwaybuildermodded.com/credits,63,63,snapshot_2026_05_21.json
162,map,daejeon-4,Daejeon (40km×40km),kimth9,kimth9,https://github.com/kimth9,62,62,snapshot_2026_05_21.json
163,map,greater-portland,Greater Portland,rslurry,slurry,https://github.com/rslurry,62,62,snapshot_2026_05_21.json
164,map,yukina-pl-katowice-gzm,Katowice - GZM,ahkimn,Yukina-,https://subwaybuildermodded.com/credits,61,61,snapshot_2026_05_21.json
165,map,gwangju-4,Gwangju (40km×40km),kimth9,kimth9,https://github.com/kimth9,60,60,snapshot_2026_05_21.json
166,map,knoxville,Knoxville,rslurry,slurry,https://github.com/rslurry,60,44,snapshot_2026_05_21.json
167,map,yukina-takamatsu,高松 (Takamatsu),ahkimn,Yukina-,https://subwaybuildermodded.com/credits,60,60,snapshot_2026_05_21.json
168,map,mfn-rdu,Raleigh,crumpetime,muffintime,https://github.com/crumpetime,57,57,snapshot_2026_05_21.json
169,map,pianura-emiliana,Pianura Emiliana,Maximilian284,max02,https://github.com/Maximilian284,55,55,snapshot_2026_05_21.json
170,map,yukina-cz-hradec-pardubice,Hradec Králové - Pardubice,ahkimn,Yukina-,https://subwaybuildermodded.com/credits,55,55,snapshot_2026_05_21.json
171,map,dayton-oh,Dayton,PSWBSF,Potato Spaghetti Water Balloon Space Federation,https://youtu.be/dQw4w9WgXcQ?t=0,54,54,snapshot_2026_05_21.json
172,map,yukina-tsugaru,津軽 (Tsugaru),ahkimn,Yukina-,https://subwaybuildermodded.com/credits,54,54,snapshot_2026_05_21.json
173,map,yukina-okayama,岡山 (Okayama),ahkimn,Yukina-,https://subwaybuildermodded.com/credits,52,52,snapshot_2026_05_21.json
174,map,gwangju-3,Gwangju (30km×30km),kimth9,kimth9,https://github.com/kimth9,49,49,snapshot_2026_05_21.json
175,map,riviera-romagnola,Riviera Romagnola,Maximilian284,max02,https://github.com/Maximilian284,49,49,snapshot_2026_05_21.json
176,map,ulsan-3,Ulsan (30km×30km),kimth9,kimth9,https://github.com/kimth9,49,49,snapshot_2026_05_21.json
177,map,yukina-pl-poznan,Poznań,ahkimn,Yukina-,https://subwaybuildermodded.com/credits,46,46,snapshot_2026_05_21.json
178,map,pulau-pinang,Pulau Pinang,nzh0172,naz,https://github.com/nzh0172,43,43,snapshot_2026_05_21.json
179,map,yukina-nakadoori,中通り (Nakadōri),ahkimn,Yukina-,https://subwaybuildermodded.com/credits,37,37,snapshot_2026_05_21.json
180,map,toledo-oh,Toledo,bean1322,bean1322,https://github.com/bean1322,34,34,snapshot_2026_05_21.json
181,map,syracuse-ny,"Syracuse, NY",PSWBSF,Potato Spaghetti Water Balloon Space Federation,https://youtu.be/dQw4w9WgXcQ?t=0,33,33,snapshot_2026_05_21.json
182,map,yukina-pl-bialystok,Białystok,ahkimn,Yukina-,https://subwaybuildermodded.com/credits,31,31,snapshot_2026_05_21.json
183,map,yukina-pl-szczecin,Szczecin,ahkimn,Yukina-,https://subwaybuildermodded.com/credits,30,30,snapshot_2026_05_21.json
184,map,akron-oh,"Akron, OH",bean1322,bean1322,https://github.com/bean1322,28,28,snapshot_2026_05_21.json
185,map,johor-bahru,Johor Bahru,nzh0172,naz,https://github.com/nzh0172,26,26,snapshot_2026_05_21.json
186,map,tri-cities,Tri-Cities,ryandicicco,ryandicicco,https://github.com/ryandicicco,26,26,snapshot_2026_05_21.json
187,map,yukina-kumamoto,熊本 (Kumamoto),ahkimn,Yukina-,https://subwaybuildermodded.com/credits,25,25,snapshot_2026_05_21.json
188,map,yukina-pl-lublin,Lublin,ahkimn,Yukina-,https://subwaybuildermodded.com/credits,24,24,snapshot_2026_05_21.json
189,map,jeju-4,Jeju (40km×40km),kimth9,kimth9,https://github.com/kimth9,22,22,snapshot_2026_05_21.json
190,map,daejeon-3,Daejeon (30km×30km),kimth9,kimth9,https://github.com/kimth9,19,19,snapshot_2026_05_21.json
191,map,ipoh,Ipoh,nzh0172,naz,https://github.com/nzh0172,18,18,snapshot_2026_05_21.json
192,map,yukina-morioka,盛岡 (Morioka),ahkimn,Yukina-,https://subwaybuildermodded.com/credits,17,17,snapshot_2026_05_21.json
193,map,yukina-pl-rzeszow,Rzeszów,ahkimn,Yukina-,https://subwaybuildermodded.com/credits,17,17,snapshot_2026_05_21.json
194,map,mexicali,Mexicali-Imperial Valley-Yuma,rslurry,slurry,https://github.com/rslurry,12,12,snapshot_2026_05_21.json
195,map,yukina-tottori,鳥取 (Tottori),ahkimn,Yukina-,https://subwaybuildermodded.com/credits,12,12,snapshot_2026_05_21.json
196,map,yukina-cz-liberec-jablonec,Liberec - Jablonec nad Nisou,ahkimn,Yukina-,https://subwaybuildermodded.com/credits,11,11,snapshot_2026_05_21.json
197,map,yukina-cz-ceske-budejovice,České Budějovice,ahkimn,Yukina-,https://subwaybuildermodded.com/credits,8,8,snapshot_2026_05_21.json
198,map,trondheim-no,Trondheim,rslurry,slurry,https://github.com/rslurry,5,5,snapshot_2026_05_21.json
199,map,connecticut-usa,Connecticut,PSWBSF,Potato Spaghetti Water Balloon Space Federation,https://youtu.be/dQw4w9WgXcQ?t=0,2,2,snapshot_2026_05_21.json
