rank,project_key,project_name,author,author_alias,attribution_link,listing_count,total_downloads,adjusted_total_downloads,latest_snapshot
1,rslurry/subwaybuilder-maps,subwaybuilder-maps,rslurry,slurry,https://github.com/rslurry,29,8740,8724,snapshot_2026_05_21.json
2,stefanorigano/advanced_analytics,advanced_analytics,stefanorigano,Steno,https://github.com/stefanorigano,1,6561,6561,snapshot_2026_05_21.json
3,ahkimn/subwaybuilder-jp-maps,subwaybuilder-jp-maps,ahkimn,Yukina-,https://subwaybuildermodded.com/credits,29,6459,6459,snapshot_2026_05_21.json
4,devenperez/subway-builder-canadian-maps,subway-builder-canadian-maps,devenperez,devenperez,https://github.com/devenperez,8,5216,5216,snapshot_2026_05_21.json
5,kimth9/sb_korean_map_pack,sb_korean_map_pack,kimth9,kimth9,https://github.com/kimth9,19,4633,4633,snapshot_2026_05_21.json
6,valdotorium/railyard-maps-2,Railyard-Maps-2,Valdotorium,Valdotorium,https://github.com/Valdotorium,4,2229,2229,snapshot_2026_05_21.json
7,ahkimn/subwaybuilder-eu-maps,subwaybuilder-eu-maps,ahkimn,Yukina-,https://subwaybuildermodded.com/credits,21,2204,2204,snapshot_2026_05_21.json
8,maximilian284/subwaybuilder-it-maps,subwaybuilder-it-maps,Maximilian284,max02,https://github.com/Maximilian284,14,2172,2172,snapshot_2026_05_21.json
9,maximilian284/subwaybuilder-es-maps,subwaybuilder-es-maps,Maximilian284,max02,https://github.com/Maximilian284,4,2079,2079,snapshot_2026_05_21.json
10,ahkimn/subwaybuilder-regions,subwaybuilder-regions,ahkimn,Yukina-,https://subwaybuildermodded.com/credits,1,1958,1958,snapshot_2026_05_21.json
11,ryandicicco/subway-builder-maps,Subway-Builder-Maps,ryandicicco,ryandicicco,https://github.com/ryandicicco,7,1931,1931,snapshot_2026_05_21.json
12,crumpetime/subway_builder_distance_circles,subway_builder_distance_circles,crumpetime,muffintime,https://github.com/crumpetime,1,1871,1871,snapshot_2026_05_21.json
13,danield1909/dantrains,danTrains,DanielD1909,DanielD1909,https://github.com/DanielD1909,1,1723,1723,snapshot_2026_05_21.json
14,bobby-047/some-new-trains,Some-new-Trains,Bobby-047,Bobby-047,https://github.com/Bobby-047,1,1643,1643,snapshot_2026_05_21.json
15,barkuperman/transit-overlay-subway-builder-mod,transit-overlay-subway-builder-mod,BarKuperman,BarKuperman,https://github.com/BarKuperman,1,1623,1623,snapshot_2026_05_21.json
16,jelegend/subwaybuilder,subwaybuilder,jelegend,jelegend,https://github.com/jelegend,1,1440,1440,snapshot_2026_05_21.json
17,valdotorium/valdotoriums_trains,Valdotoriums_Trains,Valdotorium,Valdotorium,https://github.com/Valdotorium,1,1436,1436,snapshot_2026_05_21.json
18,gio1112/subway-builder-citymapper,subway-builder-citymapper,Gio1112,giorgiodabest,https://giorgio.is-a.dev/,1,1337,1337,snapshot_2026_05_21.json
19,nzh0172/sb-anymoney,sb-anymoney,nzh0172,naz,https://github.com/nzh0172,1,1089,1089,snapshot_2026_05_21.json
20,crumpetime/sb-maps-hkg,sb-maps-hkg,crumpetime,muffintime,https://github.com/crumpetime,1,1030,1030,snapshot_2026_05_21.json
21,kronifer/sb-zurich-map,sb-zurich-map,Kronifer,Kronifer,https://github.com/Kronifer,1,938,938,snapshot_2026_05_21.json
22,valdotorium/network-status,network-status,Valdotorium,Valdotorium,https://github.com/Valdotorium,1,929,929,snapshot_2026_05_21.json
23,kronifer/sb-chinese-maps,sb-chinese-maps,Kronifer,Kronifer,https://github.com/Kronifer,3,865,865,snapshot_2026_05_21.json
24,nzh0172/sb-station-dots,sb-station-dots,nzh0172,naz,https://github.com/nzh0172,1,830,830,snapshot_2026_05_21.json
25,willbarouch/subwaybuilder-sydney,subwaybuilder-sydney,WillBarouch,WillBarouch,https://github.com/WillBarouch,1,777,777,snapshot_2026_05_21.json
26,kronifer/sb-glasgow-edinburgh-map,sb-glasgow-edinburgh-map,Kronifer,Kronifer,https://github.com/Kronifer,1,752,752,snapshot_2026_05_21.json
27,valdotorium/speed-mod,speed-mod,Valdotorium,Valdotorium,https://github.com/Valdotorium,1,568,568,snapshot_2026_05_21.json
28,kronifer/sb-dublin-map,sb-dublin-map,Kronifer,Kronifer,https://github.com/Kronifer,1,427,427,snapshot_2026_05_21.json
29,transitcore/cinematic-camera,cinematic-camera,TransitCore,TransitCore,https://github.com/TransitCore,1,423,423,snapshot_2026_05_21.json
30,pswbsf/charleston-huntington-wv,charleston-huntington-wv,PSWBSF,Potato Spaghetti Water Balloon Space Federation,https://youtu.be/dQw4w9WgXcQ?t=0,1,368,368,snapshot_2026_05_21.json
31,mpfk/subway-builder-mode-manager,subway-builder-mode-manager,Mpfk,Mpfk,https://github.com/Mpfk,1,357,357,snapshot_2026_05_21.json
32,crumpetime/sb-maps-las,sb-maps-las,crumpetime,muffintime,https://github.com/crumpetime,1,329,329,snapshot_2026_05_21.json
33,barkuperman/tlv-mod,TLV-mod,BarKuperman,BarKuperman,https://github.com/BarKuperman,1,274,274,snapshot_2026_05_21.json
34,nzh0172/sb-malaysia-map-pack,sb-malaysia-map-pack,nzh0172,naz,https://github.com/nzh0172,1,256,256,snapshot_2026_05_21.json
35,crumpetime/sb-maps-msn,sb-maps-msn,crumpetime,muffintime,https://github.com/crumpetime,1,250,250,snapshot_2026_05_21.json
36,nzh0172/sb-bangkok,sb-bangkok,nzh0172,naz,https://github.com/nzh0172,1,238,238,snapshot_2026_05_21.json
37,lechicken-nyc/greater-new-york,greater-new-york,chasemanning040911-afk,lechicken,https://github.com/chasemanning040911-afk,1,225,225,snapshot_2026_05_21.json
38,soccerjonj/daytonnati,Daytonnati,soccerjonj,soccerjonj,https://github.com/soccerjonj,1,214,214,snapshot_2026_05_21.json
39,danield1909/improvedtwincities,improvedTwinCities,DanielD1909,DanielD1909,https://github.com/DanielD1909,1,205,205,snapshot_2026_05_21.json
40,kaicardenas0618/subway-builder-sfl,subway-builder-sfl,kaicardenas0618,kaicardenas0618,https://github.com/kaicardenas0618,1,205,205,snapshot_2026_05_21.json
41,kimth9/sb_korean_transit_pack_v2,sb_korean_transit_pack_v2,kimth9,kimth9,https://github.com/kimth9,1,204,204,snapshot_2026_05_21.json
42,transitcore/satellite-overview,Satellite-Overview,TransitCore,TransitCore,https://github.com/TransitCore,1,194,194,snapshot_2026_05_21.json
43,barkuperman/jerusalem-sb-map,jerusalem-sb-map,BarKuperman,BarKuperman,https://github.com/BarKuperman,1,193,193,snapshot_2026_05_21.json
44,soccerjonj/providence,Providence,soccerjonj,soccerjonj,https://github.com/soccerjonj,1,168,168,snapshot_2026_05_21.json
45,soccerjonj/albany,Albany,soccerjonj,soccerjonj,https://github.com/soccerjonj,1,155,155,snapshot_2026_05_21.json
46,kronifer/sb-waterloo-map,sb-waterloo-map,Kronifer,Kronifer,https://github.com/Kronifer,1,146,132,snapshot_2026_05_21.json
47,soccerjonj/sacramento,Sacramento,soccerjonj,soccerjonj,https://github.com/soccerjonj,1,144,144,snapshot_2026_05_21.json
48,soccerjonj/nashville,Nashville,soccerjonj,soccerjonj,https://github.com/soccerjonj,1,143,143,snapshot_2026_05_21.json
49,metatablestudios/subwaybuilder-romania,subwaybuilder-romania,metatablestudios,metatablestudios,https://github.com/metatablestudios,1,132,132,snapshot_2026_05_21.json
50,soccerjonj/colorado-ski-country,Colorado-Ski-Country,soccerjonj,soccerjonj,https://github.com/soccerjonj,1,129,129,snapshot_2026_05_21.json
51,pswbsf/anchorage-ak,anchorage-ak,PSWBSF,Potato Spaghetti Water Balloon Space Federation,https://youtu.be/dQw4w9WgXcQ?t=0,1,122,122,snapshot_2026_05_21.json
52,soccerjonj/louisville,Louisville,soccerjonj,soccerjonj,https://github.com/soccerjonj,1,114,114,snapshot_2026_05_21.json
53,crumpetime/sb-maps-orf,sb-maps-orf,crumpetime,muffintime,https://github.com/crumpetime,1,113,101,snapshot_2026_05_21.json
54,kaicardenas0618/chinese-trains,chinese-trains,kaicardenas0618,kaicardenas0618,https://github.com/kaicardenas0618,1,109,109,snapshot_2026_05_21.json
55,tathandev/tathancasino,TathanCasino,TathanDev,TathanDev,https://github.com/TathanDev,1,104,104,snapshot_2026_05_21.json
56,crumpetime/sb-maps-xna,sb-maps-xna,crumpetime,muffintime,https://github.com/crumpetime,1,103,103,snapshot_2026_05_21.json
57,pswbsf/buffalo-ny,buffalo-ny,PSWBSF,Potato Spaghetti Water Balloon Space Federation,https://youtu.be/dQw4w9WgXcQ?t=0,1,103,103,snapshot_2026_05_21.json
58,pswbsf/pyongyang-nk,pyongyang-nk,PSWBSF,Potato Spaghetti Water Balloon Space Federation,https://youtu.be/dQw4w9WgXcQ?t=0,1,102,102,snapshot_2026_05_21.json
59,nzh0172/sb-malaysia-map-pack-2,sb-malaysia-map-pack-2,nzh0172,naz,https://github.com/nzh0172,3,87,87,snapshot_2026_05_21.json
60,phineapoo/willamette-valley-or,Willamette-Valley-OR,Phineapoo,Phineapoo,https://github.com/Phineapoo,1,83,83,snapshot_2026_05_21.json
61,pswbsf/piedmont-triad,piedmont-triad,PSWBSF,Potato Spaghetti Water Balloon Space Federation,https://youtu.be/dQw4w9WgXcQ?t=0,1,83,83,snapshot_2026_05_21.json
62,pswbsf/wilmington-nc,wilmington-nc,PSWBSF,Potato Spaghetti Water Balloon Space Federation,https://youtu.be/dQw4w9WgXcQ?t=0,1,77,77,snapshot_2026_05_21.json
63,pswbsf/charleston-sc,charleston-sc,PSWBSF,Potato Spaghetti Water Balloon Space Federation,https://youtu.be/dQw4w9WgXcQ?t=0,1,69,69,snapshot_2026_05_21.json
64,crumpetime/sb-maps-rdu,sb-maps-rdu,crumpetime,muffintime,https://github.com/crumpetime,1,57,57,snapshot_2026_05_21.json
65,pswbsf/dayton-oh,dayton-oh,PSWBSF,Potato Spaghetti Water Balloon Space Federation,https://youtu.be/dQw4w9WgXcQ?t=0,1,54,54,snapshot_2026_05_21.json
66,bean1322/toledo-oh-map.git,toledo-oh-map.git,bean1322,bean1322,https://github.com/bean1322,1,34,34,snapshot_2026_05_21.json
67,pswbsf/syracuse-ny,syracuse-ny,PSWBSF,Potato Spaghetti Water Balloon Space Federation,https://youtu.be/dQw4w9WgXcQ?t=0,1,33,33,snapshot_2026_05_21.json
68,bean1322/akron-oh-map,akron-oh-map,bean1322,bean1322,https://github.com/bean1322,1,28,28,snapshot_2026_05_21.json
69,pswbsf/connecticut-usa,connecticut-usa,PSWBSF,Potato Spaghetti Water Balloon Space Federation,https://youtu.be/dQw4w9WgXcQ?t=0,1,2,2,snapshot_2026_05_21.json
